Feed,Tcode,TcodeIdx,Mcode,Load,RollLoad,MinMaxLoad
0,T8080,3000,M8,268.0,0.008622619047619047,0.0
0,T8080,3000,M8,14430.0,0.04270238095238096,597.8333333333334
0,T8080,3000,M8,24423.5,0.10057738095238095,1408.0833333333333
0,T8080,3000,M8,28970.5,0.16927738095238096,2369.883333333333
0,T8080,3000,M8,31039.5,0.2429047619047619,3400.6666666666665
0,T8080,3000,M8,25123.0,0.3024452380952381,4234.233333333334
0,T8080,3000,M8,11933.5,0.3305821428571428,4628.15
0,T8080,3000,M8,5681.0,0.3438321428571428,4813.65
0,T8080,3000,M8,2828.0,0.35028928571428575,4904.05
0,T8080,3000,M8,1536.0,0.35367023809523807,4951.383333333333
0,T8080,3000,M8,934.5,0.35561904761904767,4978.666666666667
0,T8080,3000,M8,639.0,0.35686428571428574,4996.1
0,T8080,3000,M8,518.5,0.35782261904761903,5009.516666666666
0,T8080,3000,M8,441.5,0.35859761904761905,5020.366666666667
0,T8080,3000,M8,422.5,0.3593273809523809,5030.583333333333
0,T8080,3000,M8,417.0,0.3600440476190476,5040.616666666667
0,T8080,3000,M8,406.0,0.3607357142857143,5050.3
0,T8080,3000,M8,435.0,0.361497619047619,5060.966666666666
0,T8080,3000,M8,434.0,0.3622547619047619,5071.566666666667
0,T8080,3000,M8,460.5,0.3630761904761905,5083.066666666667
0,T8080,3000,M8,488.0,0.3639630952380953,5095.483333333334
0,T8080,3000,M8,497.5,0.36487380952380954,5108.233333333334
0,T8080,3000,M8,557.5,0.365927380952381,5122.983333333334
0,T8080,3000,M8,581.0,0.36703690476190476,5138.516666666666
0,T8080,3000,M8,636.5,0.3682785714285714,5155.9
0,T8080,3000,M8,697.0,0.3696642857142857,5175.3
0,T8080,3000,M8,725.0,0.37111666666666665,5195.633333333333
0,T8080,3000,M8,804.0,0.3727571428571429,5218.6
0,T8080,3000,M8,834.5,0.37447023809523805,5242.583333333333
0,T8080,3000,M8,876.0,0.37628214285714284,5267.95
0,T8080,3000,M8,912.5,0.3778166666666667,5289.433333333333
0,T8080,3000,M8,900.5,0.3456035714285714,4838.45
0,T8080,3000,M8,930.0,0.2896666666666667,4055.3333333333335
0,T8080,3000,M8,908.0,0.22285119047619045,3119.9166666666665
0,T8080,3000,M8,901.0,0.15109285714285717,2115.3
0,T8080,3000,M8,945.0,0.09352619047619047,1309.3666666666666
0,T8080,3000,M8,919.5,0.06730238095238095,942.2333333333333
0,T8080,3000,M8,884.0,0.055880952380952385,782.3333333333334
0,T8080,3000,M8,9188.5,0.071025,994.35
0,T8080,3000,M8,22038.5,0.11984047619047619,1677.7666666666667
0,T8080,3000,M8,27885.5,0.1840095238095238,2576.133333333333
0,T8080,3000,M8,30545.5,0.2552154761904762,3573.016666666667
0,T8080,3000,M8,31285.0,0.3284690476190476,4598.566666666667
0,T8080,3000,M8,22702.5,0.3814714285714286,5340.6
0,T8080,3000,M8,11162.5,0.40704285714285715,5698.6
0,T8080,3000,M3,5262.5,0.4185797619047619,5860.116666666667
0,T8080,3000,M3,2768.5,0.4242047619047619,5938.866666666667
0,T8080,3000,M3,1739.0,0.4273095238095238,5982.333333333333
0,T8080,3000,M3,1295.5,0.4293607142857143,6011.05
0,T8080,3000,M3,1062.5,0.4307940476190476,6031.116666666667
0,T8080,3000,M3,978.5,0.4319619047619047,6047.466666666666
0,T8080,3000,M3,925.5,0.4329809523809524,6061.733333333334
0,T8080,3000,M3,958.0,0.4339345238095238,6075.083333333333
0,T8080,3000,M3,1027.5,0.434997619047619,6089.966666666666
0,T8080,3000,M3,1111.0,0.43612738095238096,6105.783333333334
0,T8080,3000,M3,1300.0,0.4375630952380952,6125.883333333333
0,T8080,3000,M3,1471.0,0.4393392857142857,6150.75
0,T8080,3000,M3,1643.5,0.44133809523809525,6178.733333333334
0,T8080,3000,M3,1700.0,0.4433988095238095,6207.583333333333
0,T8080,3000,M3,1680.0,0.4453130952380952,6234.383333333333
0,T8080,3000,M3,1648.5,0.4470654761904762,6258.916666666667
0,T8080,3000,M3,1429.5,0.44832500000000003,6276.55
0,T8080,3000,M3,1284.0,0.4491678571428572,6288.35
0,T8080,3000,M3,1473.0,0.45051309523809524,6307.183333333333
0,T8080,3000,M3,2376.5,0.45402619047619047,6356.366666666667
0,T8080,3000,M3,3061.5,0.4590654761904762,6426.916666666667
0,T8080,3000,M3,3353.0,0.46485952380952383,6508.033333333334
0,T8080,3000,M3,3347.5,0.47072499999999995,6590.15
0,T8080,3000,M3,3301.0,0.4567071428571428,6393.9
0,T8080,3000,M3,3220.5,0.41190238095238096,5766.633333333333
0,T8080,3000,M3,3231.5,0.35320238095238093,4944.833333333333
0,T8080,3000,M3,3289.0,0.28830595238095236,4036.2833333333333
0,T8080,3000,M3,3856.5,0.223,3122.0
0,T8080,3000,M3,5150.5,0.18120952380952382,2536.9333333333334
0,T8080,3000,M3,6651.0,0.17046785714285714,2386.55
0,T8080,3000,M3,7551.5,0.17591785714285713,2462.85
0,T8080,3000,M3,7834.0,0.1879785714285714,2631.7
0,T8080,3000,M3,7803.5,0.20241785714285715,2833.85
0,T8080,3000,M3,7707.0,0.21768333333333334,3047.5666666666666
0,T8080,3000,M3,7700.5,0.23348809523809524,3268.8333333333335
0,T8080,3000,M3,7826.5,0.24979285714285715,3497.1
0,T8080,3000,M3,8000.5,0.26663809523809523,3732.9333333333334
0,T8080,3000,M3,8246.0,0.2839904761904762,3975.866666666667
331,T8080,3000,M3,8447.5,0.30165714285714285,4223.2
331,T8080,3000,M3,8555.5,0.3193821428571429,4471.35
331,T8080,3000,M3,8623.0,0.3368178571428571,4715.45
331,T8080,3000,M3,8663.5,0.3539428571428571,4955.2
331,T8080,3000,M3,8652.5,0.37063095238095234,5188.833333333333
331,T8080,3000,M3,8713.0,0.38732857142857147,5422.6
331,T8080,3000,M3,8829.0,0.40435,5660.9
331,T8080,3000,M3,9017.5,0.4218952380952381,5906.533333333334
331,T8080,3000,M3,9092.5,0.44014047619047614,6161.966666666666
331,T8080,3000,M3,9323.0,0.4592809523809524,6429.933333333333
331,T8080,3000,M3,9314.5,0.47795119047619045,6691.316666666667
331,T8080,3000,M3,7928.5,0.4911702380952381,6876.383333333333
331,T8080,3000,M3,6108.5,0.498425,6977.95
331,T8080,3000,M3,5243.0,0.502925,7040.95
331,T8080,3000,M3,5104.0,0.5071071428571429,7099.5
331,T8080,3000,M3,5307.5,0.5118845238095238,7166.383333333333
331,T8080,3000,M3,5699.5,0.5177869047619047,7249.016666666666
331,T8080,3000,M3,6064.0,0.5245309523809524,7343.433333333333
331,T8080,3000,M3,6227.0,0.5315261904761904,7441.366666666667
331,T8080,3000,M3,6077.0,0.5368130952380953,7515.383333333333
331,T8080,3000,M3,5799.0,0.5383571428571429,7537.0
331,T8080,3000,M3,5513.5,0.5356488095238096,7499.083333333333
331,T8080,3000,M3,5331.0,0.5303619047619048,7425.066666666667
331,T8080,3000,M3,5224.0,0.5241476190476191,7338.066666666667
331,T8080,3000,M3,5260.5,0.5180928571428571,7253.3
331,T8080,3000,M3,5348.0,0.5124761904761905,7174.666666666667
331,T8080,3000,M3,5459.5,0.5071404761904762,7099.966666666666
331,T8080,3000,M3,5507.0,0.5016178571428571,7022.65
331,T8080,3000,M3,5519.0,0.4957095238095238,6939.933333333333
331,T8080,3000,M3,5421.5,0.48898452380952384,6845.783333333334
331,T8080,3000,M3,5246.5,0.48136309523809523,6739.083333333333
331,T8080,3000,M3,5024.0,0.47295476190476193,6621.366666666667
331,T8080,3000,M3,4889.5,0.4640654761904762,6496.916666666667
331,T8080,3000,M3,4835.0,0.45495,6369.3
331,T8080,3000,M3,4841.0,0.445875,6242.25
331,T8080,3000,M3,4840.5,0.43665476190476193,6113.166666666667
331,T8080,3000,M3,4880.0,0.427252380952381,5981.533333333334
331,T8080,3000,M3,4898.5,0.4174452380952381,5844.233333333334
331,T8080,3000,M3,4904.0,0.40747261904761906,5704.616666666667
331,T8080,3000,M3,4857.5,0.3968404761904762,5555.766666666666
331,T8080,3000,M3,4830.0,0.3861630952380953,5406.283333333334
331,T8080,3000,M3,4790.0,0.3786904761904762,5301.666666666667
331,T8080,3000,M3,4760.5,0.3754809523809524,5256.733333333334
331,T8080,3000,M3,4708.0,0.37420714285714285,5238.9
331,T8080,3000,M3,4709.5,0.37326785714285715,5225.75
331,T8080,3000,M3,4706.0,0.37183571428571427,5205.7
359,T8080,3000,M3,4693.5,0.3694404761904762,5172.166666666667
359,T8080,3000,M3,4654.5,0.36608452380952383,5125.183333333333
359,T8080,3000,M3,4642.0,0.3623107142857143,5072.35
359,T8080,3000,M3,4633.5,0.35887380952380954,5024.233333333334
359,T8080,3000,M3,4602.5,0.35602500000000004,4984.35
359,T8080,3000,M3,4556.5,0.3537464285714286,4952.45
359,T8080,3000,M3,4557.0,0.3519035714285714,4926.65
359,T8080,3000,M3,4631.0,0.35049166666666665,4906.883333333333
359,T8080,3000,M3,4765.0,0.34931190476190477,4890.366666666667
359,T8080,3000,M3,4869.5,0.3481726190476191,4874.416666666667
359,T8080,3000,M3,4912.0,0.34686904761904763,4856.166666666667
359,T8080,3000,M3,4906.0,0.3454380952380952,4836.133333333333
359,T8080,3000,M3,4857.0,0.34386190476190476,4814.066666666667
359,T8080,3000,M3,4827.5,0.34244761904761906,4794.266666666666
359,T8080,3000,M3,4795.5,0.3413738095238095,4779.233333333334
359,T8080,3000,M3,4775.0,0.3407809523809524,4770.933333333333
359,T8080,3000,M3,4736.0,0.3404154761904762,4765.816666666667
359,T8080,3000,M3,4740.0,0.3401892857142857,4762.65
359,T8080,3000,M3,4746.5,0.3399642857142857,4759.5
359,T8080,3000,M3,4764.0,0.33978214285714287,4756.95
359,T8080,3000,M3,4794.5,0.33957857142857145,4754.1
359,T8080,3000,M3,4960.5,0.3397261904761905,4756.166666666667
359,T8080,3000,M3,5268.5,0.3405940476190476,4768.316666666667
359,T8080,3000,M3,5608.0,0.34238095238095234,4793.333333333333
359,T8080,3000,M3,5735.5,0.34453690476190474,4823.516666666666
359,T8080,3000,M3,5437.0,0.34607738095238094,4845.083333333333
359,T8080,3000,M3,4425.0,0.3452785714285714,4833.9
359,T8080,3000,M3,3096.0,0.34144047619047624,4780.166666666667
359,T8080,3000,M3,2040.0,0.3350845238095238,4691.183333333333
359,T8080,3000,M3,1586.5,0.32765714285714287,4587.2
359,T8080,3000,M3,1446.5,0.3199261904761904,4478.966666666666
359,T8080,3000,M3,1429.5,0.312247619047619,4371.466666666666
359,T8080,3000,M3,1421.5,0.30457976190476194,4264.116666666667
359,T8080,3000,M3,1500.0,0.2971190476190476,4159.666666666667
359,T8080,3000,M3,1621.0,0.2900202380952381,4060.2833333333333
359,T8080,3000,M3,1791.0,0.2834357142857143,3968.1
359,T8080,3000,M3,1910.0,0.27713333333333334,3879.866666666667
359,T8080,3000,M3,1994.5,0.2708559523809524,3791.983333333333
359,T8080,3000,M3,1949.0,0.2641511904761905,3698.116666666667
359,T8080,3000,M3,1845.0,0.25695,3597.3
359,T8080,3000,M3,1688.5,0.249275,3489.85
359,T8080,3000,M3,1605.0,0.24141547619047618,3379.8166666666666
359,T8080,3000,M3,1564.0,0.233575,3270.05
359,T8080,3000,M3,1571.0,0.22582142857142856,3161.5
359,T8080,3000,M3,1583.5,0.21817380952380952,3054.4333333333334
359,T8080,3000,M3,1651.0,0.2107357142857143,2950.3
0,T8080,3000,M3,1715.0,0.20354285714285714,2849.6
0,T8080,3000,M3,1749.5,0.19642261904761904,2749.9166666666665
0,T8080,3000,M3,1727.5,0.1892345238095238,2649.2833333333333
0,T8080,3000,M3,1704.5,0.18195,2547.3
0,T8080,3000,M3,1685.5,0.17454761904761903,2443.6666666666665
0,T8080,3000,M3,1657.0,0.16668214285714286,2333.55
0,T2030,9000,M3,1645.0,0.15805476190476192,2212.766666666667
0,T2030,9000,M3,1666.0,0.14866904761904762,2081.366666666667
0,T2030,9000,M8,1708.5,0.1390809523809524,1947.1333333333334
0,T2030,9000,M8,1723.0,0.13023809523809524,1823.3333333333333
0,T2030,9000,M8,1739.0,0.12384285714285714,1733.8
0,T2030,9000,M8,1748.0,0.12063333333333333,1688.8666666666666
0,T2030,9000,M8,1748.5,0.11993928571428572,1679.15
0,T2030,9000,M8,1711.0,0.12023571428571428,1683.3
0,T2030,9000,M8,1697.0,0.12083214285714286,1691.65
0,T2030,9000,M8,1692.0,0.12145714285714286,1700.4
0,T2030,9000,M8,1698.5,0.12211666666666668,1709.6333333333334
0,T2030,9000,M8,1684.5,0.12255595238095238,1715.7833333333333
0,T2030,9000,M8,1829.5,0.12305238095238095,1722.7333333333333
0,T2030,9000,M8,2849.0,0.12557142857142858,1758.0
0,T2030,9000,M8,4211.0,0.13105,1834.7
0,T2030,9000,M8,4899.5,0.13796666666666665,1931.5333333333333
0,T2030,9000,M8,5014.5,0.1452654761904762,2033.7166666666667
0,T2030,9000,M8,4914.0,0.15257261904761907,2136.016666666667
0,T2030,9000,M8,4820.5,0.1600297619047619,2240.4166666666665
0,T2030,9000,M8,4727.0,0.16746309523809522,2344.483333333333
0,T2030,9000,M8,4635.5,0.17477619047619047,2446.866666666667
0,T2030,9000,M8,4414.5,0.18154642857142858,2541.65
0,T2030,9000,M8,4061.5,0.18744642857142857,2624.25
0,T2030,9000,M8,3559.5,0.1919904761904762,2687.866666666667
0,T2030,9000,M8,3051.5,0.19517261904761904,2732.4166666666665
0,T2030,9000,M8,2524.0,0.19701666666666665,2758.233333333333
0,T2030,9000,M8,2066.0,0.19782261904761905,2769.516666666667
0,T2030,9000,M8,1701.5,0.19781547619047618,2769.4166666666665
0,T2030,9000,M8,1568.0,0.1975357142857143,2765.5
0,T2030,9000,M8,1530.5,0.1972345238095238,2761.2833333333333
0,T2030,9000,M8,1572.5,0.19706190476190477,2758.866666666667
0,T2030,9000,M8,1608.0,0.19692380952380953,2756.9333333333334
0,T2030,9000,M8,1716.0,0.19694166666666668,2757.1833333333334
0,T2030,9000,M8,1792.5,0.19710714285714287,2759.5
0,T2030,9000,M8,1886.5,0.19745833333333332,2764.4166666666665
0,T2030,9000,M8,2972.0,0.20037261904761905,2805.2166666666667
0,T2030,9000,M8,4723.5,0.20745595238095238,2904.383333333333
0,T2030,9000,M8,5250.0,0.21588214285714286,3022.35
0,T2030,9000,M8,4807.5,0.22328809523809523,3126.0333333333333
0,T2030,9000,M8,3986.5,0.2287511904761905,3202.516666666667
360,T2030,9000,M8,3122.0,0.2321404761904762,3249.9666666666667
360,T2030,9000,M8,2342.0,0.23370595238095238,3271.883333333333
360,T2030,9000,M8,1809.5,0.23365833333333333,3271.2166666666667
360,T2030,9000,M8,1571.5,0.23061666666666666,3228.633333333333
360,T2030,9000,M8,1524.5,0.2242202380952381,3139.0833333333335
360,T2030,9000,M8,1557.5,0.21626309523809525,3027.6833333333334
360,T2030,9000,M8,1609.0,0.2081547619047619,2914.1666666666665
360,T2030,9000,M8,1688.5,0.20047500000000001,2806.65
360,T2030,9000,M25,1780.0,0.1932357142857143,2705.3
360,T2030,9000,M25,1842.0,0.18636666666666665,2609.133333333333
360,T2030,9000,M25,1828.0,0.17968214285714287,2515.55
360,T2030,9000,M25,1785.5,0.17342261904761905,2427.9166666666665
360,T2030,9000,M25,1733.0,0.16787857142857143,2350.3
360,T2030,9000,M25,1683.0,0.1634107142857143,2287.75
360,T2030,9000,M25,1633.5,0.1600345238095238,2240.483333333333
360,T2030,9000,M25,5926.5,0.1681357142857143,2353.9
360,T2030,9000,M25,14308.0,0.19728333333333334,2761.9666666666667
360,T2030,9000,M25,18122.0,0.2363797619047619,3309.3166666666666
360,T2030,9000,M25,19857.5,0.2799261904761905,3918.9666666666667
360,T2030,9000,M25,20647.0,0.3254416666666667,4556.183333333333
360,T2030,9000,M25,21006.5,0.37171309523809526,5203.983333333334
360,T2030,9000,M25,21169.5,0.4182880952380953,5856.033333333334
360,T2030,9000,M25,20316.0,0.46257380952380955,6476.033333333334
360,T2030,9000,M25,11857.5,0.48653809523809527,6811.533333333334
360,T2030,9000,M25,5783.5,0.4958166666666667,6941.433333333333
360,T2030,9000,M25,3012.0,0.4959119047619047,6942.766666666666
360,T2030,9000,M25,1687.0,0.48868214285714284,6841.55
360,T2030,9000,M25,1082.5,0.4787595238095238,6702.633333333333
360,T2030,9000,M25,757.5,0.4691166666666667,6567.633333333333
360,T2030,9000,M25,628.0,0.4611202380952381,6455.683333333333
360,T2030,9000,M25,532.0,0.45495357142857146,6369.35
360,T2030,9000,M25,517.5,0.45060952380952385,6308.533333333334
360,T2030,9000,M25,474.0,0.4474297619047619,6264.016666666666
360,T2030,9000,M25,497.5,0.44487261904761904,6228.216666666666
360,T2030,9000,M25,480.0,0.44238571428571427,6193.4
360,T2030,9000,M25,506.5,0.43988333333333335,6158.366666666667
360,T2030,9000,M25,626.0,0.4375428571428572,6125.6
360,T2030,9000,M25,1479.0,0.43704404761904764,6118.616666666667
360,T2030,9000,M25,3887.5,0.44206190476190477,6188.866666666667
360,T2030,9000,M25,6933.0,0.45418333333333333,6358.566666666667
360,T2030,9000,M25,7548.5,0.46780357142857143,6549.25
360,T2030,9000,M25,7288.0,0.48090476190476195,6732.666666666667
360,T2030,9000,M25,7334.5,0.49424166666666663,6919.383333333333
360,T2030,9000,M25,7603.0,0.5083369047619047,7116.716666666666
360,T2030,9000,M25,8067.5,0.5236559523809524,7331.183333333333
360,T2030,9000,M25,8651.5,0.5301440476190477,7422.016666666666
217,T2030,9000,M25,9131.5,0.5178190476190476,7249.466666666666
217,T2030,9000,M25,9500.5,0.49729166666666663,6962.083333333333
217,T2030,9000,M25,9552.5,0.47275595238095236,6618.583333333333
217,T2030,9000,M25,9538.0,0.4463059523809524,6248.283333333334
217,T2030,9000,M25,9428.5,0.41873928571428576,5862.35
217,T2030,9000,M25,9376.5,0.3906607142857143,5469.25
217,T2020,12000,M25,9283.5,0.36439285714285713,5101.5
217,T2020,12000,M25,9262.5,0.3582142857142857,5015.0
217,T2020,12000,M8,9241.5,0.366447619047619,5130.266666666666
217,T2020,12000,M8,9312.0,0.38144761904761904,5340.266666666666
217,T2020,12000,M8,9403.0,0.3998190476190476,5597.466666666666
217,T2020,12000,M8,9483.0,0.4198202380952381,5877.483333333334
217,T2020,12000,M8,9598.5,0.4408702380952381,6172.183333333333
217,T2020,12000,M8,9681.5,0.46242619047619044,6473.966666666666
217,T2020,12000,M8,9813.5,0.48452500000000004,6783.35
217,T2020,12000,M8,9891.5,0.5068440476190477,7095.816666666667
217,T2020,12000,M8,9929.0,0.5293559523809523,7410.983333333334
217,T2020,12000,M8,9895.5,0.5517321428571429,7724.25
217,T2020,12000,M8,9843.5,0.5740261904761905,8036.366666666667
217,T2020,12000,M8,9792.5,0.5961357142857142,8345.9
217,T2020,12000,M8,9702.0,0.6177452380952381,8648.433333333332
217,T2020,12000,M8,9632.0,0.6371571428571429,8920.2
217,T2020,12000,M8,9472.0,0.6504535714285714,9106.35
217,T2020,12000,M8,9141.0,0.6557107142857144,9179.95
217,T2020,12000,M8,7716.0,0.6561095238095238,9185.533333333333
217,T2020,12000,M8,5721.5,0.652379761904762,9133.316666666668
217,T2020,12000,M8,4100.5,0.6446797619047618,9025.516666666666
217,T2020,12000,M8,2921.0,0.6335321428571429,8869.45
217,T2020,12000,M8,1944.5,0.6189535714285714,8665.35
217,T2020,12000,M8,1267.0,0.6013714285714287,8419.2
217,T2020,12000,M8,924.0,0.5818297619047619,8145.616666666667
217,T2020,12000,M8,705.0,0.5608880952380952,7852.433333333333
217,T2020,12000,M8,651.0,0.5396940476190476,7555.716666666666
217,T2020,12000,M8,572.5,0.5183476190476191,7256.866666666667
217,T2020,12000,M8,548.5,0.4972047619047619,6960.866666666667
217,T2020,12000,M8,619.0,0.47635357142857143,6668.95
217,T2020,12000,M8,734.0,0.45599761904761904,6383.966666666666
217,T2020,12000,M8,857.0,0.43598452380952385,6103.783333333334
217,T2020,12000,M8,2695.5,0.4203988095238095,5885.583333333333
217,T2020,12000,M8,6480.5,0.41365714285714283,5791.2
217,T2020,12000,M8,9644.0,0.4142309523809524,5799.233333333334
217,T2020,12000,M8,9702.0,0.414752380952381,5806.533333333334
217,T2020,12000,M8,8387.0,0.4118678571428571,5766.15
217,T2020,12000,M8,7286.5,0.40616547619047616,5686.316666666667
217,T2020,12000,M8,6401.5,0.3980416666666666,5572.583333333333
217,T2020,12000,M8,5695.5,0.38805119047619047,5432.716666666666
184,T2020,12000,M8,5015.0,0.3763511904761905,5268.916666666667
184,T2020,12000,M8,4426.0,0.36332857142857145,5086.6
184,T2020,12000,M8,3827.5,0.3490047619047619,4886.066666666667
184,T2020,12000,M8,3256.0,0.3334416666666667,4668.183333333333
184,T2020,12000,M8,3230.5,0.3180333333333333,4452.466666666666
184,T2020,12000,M8,4224.0,0.30515714285714285,4272.2
184,T2020,12000,M8,5278.0,0.29517142857142853,4132.4
184,T2020,12000,M8,6088.5,0.2879035714285714,4030.65
184,T2020,12000,M8,6754.5,0.2856142857142857,3998.6
184,T2020,12000,M8,7148.5,0.28901190476190475,4046.1666666666665
184,T2020,12000,M8,7346.0,0.29673928571428576,4154.35
184,T2020,12000,M8,7318.5,0.3072095238095238,4300.933333333333
184,T2020,12000,M8,7187.0,0.31969166666666665,4475.683333333333
184,T2020,12000,M8,6932.5,0.3331809523809524,4664.533333333334
184,T2020,12000,M8,6780.5,0.347125,4859.75
184,T2020,12000,M8,6620.5,0.3612095238095238,5056.933333333333
184,T2020,12000,M8,6527.0,0.37520000000000003,5252.8
184,T2020,12000,M8,6395.0,0.38906309523809524,5446.883333333333
184,T2020,12000,M8,6434.5,0.40307738095238094,5643.083333333333
184,T2020,12000,M8,6443.5,0.4169452380952381,5837.233333333334
184,T2020,12000,M8,6501.5,0.43067738095238095,6029.483333333334
184,T2020,12000,M8,6586.5,0.4443190476190476,6220.466666666666
184,T2020,12000,M8,6707.0,0.4538702380952381,6354.183333333333
184,T2020,12000,M8,6797.5,0.454625,6364.75
184,T2020,12000,M8,6889.5,0.44806666666666667,6272.933333333333
184,T2020,12000,M8,7005.0,0.44164523809523815,6183.033333333334
184,T2020,12000,M8,7045.0,0.43845,6138.3
184,T2020,12000,M8,7065.5,0.43792380952380955,6130.933333333333
184,T2020,12000,M8,7094.5,0.43957380952380953,6154.033333333334
184,T2020,12000,M8,7089.5,0.44289285714285714,6200.5
184,T2020,12000,M8,7048.0,0.4477333333333333,6268.266666666666
184,T2020,12000,M8,7063.0,0.4540119047619048,6356.166666666667
184,T2020,12000,M8,7029.0,0.4616345238095238,6462.883333333333
184,T2020,12000,M8,7048.5,0.4706642857142857,6589.3
184,T2020,12000,M8,7073.0,0.47981309523809523,6717.383333333333
184,T2020,12000,M8,7076.0,0.4866035714285714,6812.45
184,T2020,12000,M8,7122.0,0.49099404761904764,6873.916666666667
184,T2020,12000,M8,7166.5,0.4935607142857143,6909.85
184,T2020,12000,M8,7169.0,0.49454761904761907,6923.666666666667
184,T2020,12000,M8,7238.0,0.4947607142857143,6926.65
184,T2020,12000,M8,7277.0,0.4945964285714286,6924.35
184,T2020,12000,M8,7307.5,0.4945702380952381,6923.983333333334
184,T2020,12000,M8,7382.5,0.4950357142857143,6930.5
184,T2020,12000,M8,7361.0,0.4960559523809524,6944.783333333334
184,T2020,12000,M8,7418.0,0.49757380952380953,6966.033333333334
184,T2020,12000,M8,7409.5,0.4994523809523809,6992.333333333333
255,T2020,12000,M8,7426.0,0.5015928571428572,7022.3
255,T2020,12000,M8,7416.5,0.5040250000000001,7056.35
255,T2020,12000,M8,7436.5,0.5064107142857143,7089.75
255,T2020,12000,M8,7468.5,0.5088511904761905,7123.916666666667
255,T2020,12000,M8,7513.5,0.5112607142857143,7157.65
255,T2020,12000,M8,7528.0,0.513502380952381,7189.033333333334
255,T2020,12000,M8,7575.0,0.5155690476190475,7217.966666666666
255,T2020,12000,M8,7606.5,0.5174952380952381,7244.933333333333
255,T2020,12000,M8,7620.5,0.5192357142857142,7269.3
255,T2020,12000,M8,7636.5,0.5207392857142857,7290.35
255,T2020,12000,M8,7641.5,0.5221595238095238,7310.233333333334
255,T2020,12000,M8,7691.5,0.5236500000000001,7331.1
255,T2020,12000,M8,7700.0,0.5250916666666667,7351.283333333334
255,T2020,12000,M8,7777.0,0.5267285714285714,7374.2
255,T2020,12000,M8,7781.5,0.528475,7398.65
255,T2020,12000,M8,7834.0,0.5303107142857143,7424.35
255,T2020,12000,M8,7827.5,0.5322119047619047,7450.966666666666
255,T2020,12000,M8,7842.5,0.5341023809523809,7477.433333333333
255,T2020,12000,M8,7879.5,0.536022619047619,7504.316666666667
255,T2020,12000,M8,7893.5,0.5379690476190476,7531.566666666667
255,T2020,12000,M8,7931.5,0.5398964285714286,7558.55
255,T2020,12000,M8,7964.5,0.5417964285714285,7585.15
255,T2020,12000,M8,8012.5,0.5438047619047619,7613.266666666666
255,T2020,12000,M8,8037.5,0.5457083333333334,7639.916666666667
255,T2020,12000,M8,8060.0,0.547572619047619,7666.016666666666
255,T2020,12000,M8,8117.0,0.5495,7693.0
255,T2020,12000,M8,8148.0,0.551322619047619,7718.516666666666
255,T2020,12000,M8,8178.0,0.5532678571428571,7745.75
255,T2020,12000,M8,8208.0,0.5551488095238095,7772.083333333333
255,T2020,12000,M8,8313.0,0.5573,7802.2
255,T2020,12000,M8,8350.5,0.5595011904761905,7833.016666666666
255,T2020,12000,M8,8339.5,0.5616988095238096,7863.783333333334
255,T2020,12000,M8,8412.0,0.5640214285714286,7896.3
255,T2020,12000,M8,8477.0,0.566422619047619,7929.916666666667
255,T2020,12000,M8,8550.5,0.5688916666666667,7964.483333333334
255,T2020,12000,M8,8677.5,0.5716285714285715,8002.8
255,T2020,12000,M8,8863.5,0.5746964285714286,8045.75
255,T2020,12000,M8,9146.5,0.5783630952380953,8097.083333333333
255,T2020,12000,M8,9512.0,0.5828666666666666,8160.133333333333
255,T2020,12000,M8,10017.0,0.5885345238095239,8239.483333333334
255,T2020,12000,M8,10715.5,0.5958535714285714,8341.95
255,T2020,12000,M8,11488.0,0.6048928571428571,8468.5
255,T2020,12000,M8,12425.0,0.6161428571428571,8626.0
255,T2020,12000,M8,13444.5,0.6296369047619047,8814.916666666666
255,T2020,12000,M8,14482.5,0.6455916666666667,9038.283333333333
255,T2020,12000,M8,15657.5,0.6642190476190477,9299.066666666668
315,T2020,12000,M8,17012.5,0.6860880952380952,9605.233333333334
315,T2020,12000,M8,17815.5,0.7098333333333333,9937.666666666666
315,T2020,12000,M8,11493.5,0.7184380952380952,10058.133333333333
315,T2020,12000,M8,5540.0,0.7128345238095237,9979.683333333332
315,T2020,12000,M8,7024.0,0.7106738095238094,9949.433333333332
315,T2020,12000,M8,6874.5,0.7080785714285714,9913.1
315,T2020,12000,M8,3355.5,0.6969904761904762,9757.866666666667
315,T2020,12000,M8,1812.5,0.6821690476190476,9550.366666666667
315,T2020,12000,M8,2253.5,0.6683440476190476,9356.816666666668
315,T2020,12000,M8,2964.5,0.6560761904761906,9185.066666666668
315,T2020,12000,M8,3490.0,0.6449857142857143,9029.8
315,T2020,12000,M8,4280.0,0.6357047619047619,8899.866666666667
315,T2020,12000,M8,6692.5,0.6320964285714286,8849.35
315,T2020,12000,M8,9968.5,0.6360380952380952,8904.533333333333
315,T2020,12000,M8,11096.0,0.6425749999999999,8996.05
315,T2020,12000,M8,10650.5,0.648077380952381,9073.083333333334
315,T2020,12000,M8,10146.5,0.6522071428571429,9130.9
315,T2020,12000,M8,10149.0,0.6561880952380952,9186.633333333333
315,T2020,12000,M8,10613.5,0.6611,9255.4
315,T2020,12000,M8,11243.0,0.6672083333333333,9340.916666666666
315,T2020,12000,M8,11556.5,0.6736202380952381,9430.683333333332
315,T2020,12000,M8,10205.0,0.6761404761904762,9465.966666666667
315,T2020,12000,M8,8254.0,0.6731452380952381,9424.033333333333
315,T2020,12000,M8,7302.5,0.6666821428571428,9333.55
315,T2020,12000,M8,7151.5,0.6581964285714286,9214.75
315,T2020,12000,M8,7420.0,0.6485107142857143,9079.15
315,T2020,12000,M8,7880.5,0.6376904761904761,8927.666666666666
315,T2020,12000,M8,8214.0,0.6252369047619049,8753.316666666668
315,T2020,12000,M8,6706.0,0.6067214285714286,8494.1
315,T2020,12000,M8,3784.5,0.5784523809523809,8098.333333333333
315,T2020,12000,M8,2177.5,0.5431309523809523,7603.833333333333
315,T2020,12000,M8,1574.5,0.5044619047619048,7062.466666666666
315,T2020,12000,M8,1193.0,0.47993690476190476,6719.116666666667
315,T2020,12000,M8,1003.5,0.46913571428571427,6567.9
315,T2020,12000,M8,1536.0,0.4560690476190476,6384.966666666666
315,T2020,12000,M8,4111.5,0.4494904761904762,6292.866666666667
315,T2020,12000,M8,7336.0,0.45896785714285715,6425.55
315,T2020,12000,M8,9470.5,0.4772011904761905,6680.816666666667
315,T2020,12000,M8,9419.5,0.49426309523809525,6919.683333333333
315,T2020,12000,M8,8424.0,0.5072619047619048,7101.666666666667
315,T2020,12000,M8,7642.5,0.5171488095238095,7240.083333333333
315,T2020,12000,M8,7378.5,0.5245261904761905,7343.366666666667
315,T2020,12000,M8,7560.0,0.5265916666666667,7372.283333333334
315,T2020,12000,M8,8084.5,0.5221059523809524,7309.483333333334
315,T2020,12000,M8,8454.5,0.5158166666666667,7221.433333333333
315,T2020,12000,M8,8861.5,0.5115571428571428,7161.8
340,T2020,12000,M8,9477.5,0.5099642857142858,7139.5
340,T2020,12000,M8,9889.5,0.5093464285714286,7130.85
340,T2020,12000,M8,9903.5,0.5076559523809524,7107.183333333333
340,T2020,12000,M8,9620.5,0.5037928571428572,7053.1
340,T2020,12000,M8,9293.5,0.4984047619047619,6977.666666666667
340,T2020,12000,M8,9183.5,0.4959726190476191,6943.616666666667
340,T2020,12000,M8,9252.0,0.4983488095238095,6976.883333333333
340,T2020,12000,M8,9448.0,0.5034571428571428,7048.4
340,T2020,12000,M8,9689.0,0.5094988095238095,7132.983333333334
340,T2020,12000,M8,10135.5,0.5159642857142858,7223.5
340,T2020,12000,M8,10279.0,0.521675,7303.45
340,T2020,12000,M8,9896.0,0.5256797619047618,7359.516666666666
340,T2020,12000,M8,9125.0,0.5314392857142857,7440.15
340,T2020,12000,M8,8350.5,0.5423107142857143,7592.35
340,T2020,12000,M8,7742.0,0.5555595238095238,7777.833333333333
340,T2020,12000,M8,7378.5,0.5693785714285714,7971.3
340,T2020,12000,M8,7167.5,0.5836035714285714,8170.45
340,T2020,12000,M8,7077.5,0.5980654761904761,8372.916666666666
340,T2020,12000,M8,7113.5,0.6113452380952381,8558.833333333334
340,T2020,12000,M8,7299.5,0.6189357142857144,8665.1
340,T2020,12000,M8,7510.5,0.6193511904761905,8670.916666666666
340,T2020,12000,M8,7718.0,0.6151785714285715,8612.5
340,T2020,12000,M8,7847.0,0.6114345238095239,8560.083333333334
340,T2020,12000,M8,7839.0,0.6100416666666667,8540.583333333334
340,T2020,12000,M8,7684.0,0.6101404761904762,8541.966666666667
340,T2020,12000,M8,7565.5,0.6105857142857143,8548.2
340,T2020,12000,M8,7397.0,0.610197619047619,8542.766666666666
340,T2020,12000,M8,7251.0,0.6082130952380953,8514.983333333334
340,T2020,12000,M8,7180.5,0.6051797619047619,8472.516666666666
340,T2020,12000,M8,7127.0,0.6010500000000001,8414.7
340,T2020,12000,M8,7054.0,0.5952797619047618,8333.916666666666
340,T2020,12000,M8,7052.5,0.5885250000000001,8239.35
340,T2020,12000,M8,7114.5,0.5818845238095238,8146.383333333333
340,T2020,12000,M8,7148.5,0.5759988095238096,8063.983333333334
340,T2020,12000,M8,7160.0,0.5709190476190477,7992.866666666667
340,T2020,12000,M8,7207.0,0.5662130952380953,7926.983333333334
340,T2020,12000,M8,7225.0,0.5613869047619048,7859.416666666667
340,T2020,12000,M8,7276.5,0.5562166666666667,7787.033333333334
340,T2020,12000,M8,7435.5,0.5508511904761905,7711.916666666667
340,T2020,12000,M8,7641.5,0.5449130952380953,7628.783333333334
340,T2020,12000,M8,7955.0,0.5393797619047619,7551.316666666667
340,T2020,12000,M8,8542.0,0.5361559523809524,7506.183333333333
340,T2020,12000,M8,9287.5,0.5365428571428572,7511.6
340,T2020,12000,M8,10227.0,0.5410107142857142,7574.15
340,T2020,12000,M8,11024.5,0.5488261904761905,7683.566666666667
340,T2020,12000,M8,11778.5,0.5593023809523809,7830.233333333334
326,T2020,12000,M8,12253.5,0.5714119047619047,7999.766666666666
326,T2020,12000,M8,12307.0,0.5838630952380952,8174.083333333333
326,T2020,12000,M8,11983.5,0.5954583333333333,8336.416666666666
326,T2020,12000,M8,11519.5,0.6055059523809524,8477.083333333334
326,T2020,12000,M8,11189.0,0.6142642857142858,8599.7
326,T2020,12000,M8,8542.5,0.6162273809523809,8627.183333333332
326,T2020,12000,M8,4110.5,0.6073309523809524,8502.633333333333
326,T2020,12000,M8,2147.5,0.5937797619047619,8312.916666666666
326,T2020,12000,M1,1508.5,0.5790761904761905,8107.066666666667
326,T2020,12000,M1,1235.5,0.5640047619047619,7896.066666666667
326,T2020,12000,M1,1105.5,0.549025,7686.35
326,T2020,12000,M1,1031.0,0.5342154761904762,7479.016666666666
326,T2020,12000,M1,965.0,0.5194166666666666,7271.833333333333
326,T2020,12000,M1,7289.0,0.519802380952381,7277.233333333334
326,T2020,12000,M1,14928.5,0.5385511904761905,7539.716666666666
326,T2020,12000,M1,18404.0,0.5655785714285715,7918.1
326,T2020,12000,M1,19986.0,0.596225,8347.15
326,T2020,12000,M1,20705.5,0.6285035714285714,8799.05
326,T2020,12000,M1,21033.0,0.6615345238095238,9261.483333333334
326,T2020,12000,M1,15128.0,0.6803940476190476,9525.516666666666
326,T2020,12000,M1,7237.5,0.6804238095238094,9525.933333333332
326,T2020,12000,M1,3585.0,0.6716345238095238,9402.883333333333
326,T2020,12000,M1,1928.5,0.6585226190476191,9219.316666666668
326,T2020,12000,M1,1125.5,0.6430083333333333,9002.116666666667
326,T2020,12000,M1,770.0,0.6259011904761905,8762.616666666667
326,T2020,12000,M1,603.5,0.607,8498.0
326,T2020,12000,M1,491.0,0.5860559523809523,8204.783333333333
326,T2020,12000,M1,8893.5,0.5828809523809524,8160.333333333333
326,T2020,12000,M1,21904.0,0.6087845238095239,8522.983333333334
326,T2020,12000,M1,27824.5,0.6469892857142857,9057.85
326,T2020,12000,M1,30518.0,0.6904761904761905,9666.666666666666
326,T2020,12000,M1,31744.0,0.736754761904762,10314.566666666668
326,T2020,12000,M1,32301.5,0.7851309523809524,10991.833333333334
326,T2020,12000,M1,32538.0,0.835175,11692.45
326,T2020,12000,M1,25916.0,0.8702392857142858,12183.35
326,T2020,12000,M1,13464.5,0.8819583333333333,12347.416666666666
326,T2020,12000,M1,6296.5,0.8871630952380952,12420.283333333333
326,T2020,12000,M1,3225.5,0.8897297619047619,12456.216666666667
326,T2020,12000,M1,1981.5,0.8908559523809524,12471.983333333334
326,T2020,12000,M1,1450.0,0.8913666666666666,12479.133333333333
326,T2020,12000,M1,1206.5,0.8916071428571428,12482.5
326,T2020,12000,M1,1133.5,0.8918511904761904,12485.916666666666
326,T2020,12000,M1,1429.5,0.8929571428571428,12501.4
326,T2020,12000,M1,3005.5,0.8827583333333333,12358.616666666667
326,T2020,12000,M1,5361.0,0.8599785714285715,12039.7
326,T2020,12000,M1,5610.5,0.8295178571428572,11613.25
360,T2020,12000,M1,4493.0,0.792629761904762,11096.816666666668
360,T2020,12000,M1,3763.5,0.7522916666666667,10532.083333333334
360,T2020,12000,M1,3601.0,0.7107869047619048,9951.016666666666
360,T2020,12000,M1,3854.0,0.6839440476190477,9575.216666666667
360,T2020,12000,M1,4392.0,0.6771690476190476,9480.366666666667
360,T2020,12000,M1,4932.5,0.6803773809523809,9525.283333333333
360,T6070,15000,M1,5120.5,0.6879773809523809,9631.683333333332
360,T6070,15000,M1,4884.0,0.6969261904761905,9756.966666666667
360,T6070,15000,M8,4533.0,0.7058857142857142,9882.4
360,T6070,15000,M8,4280.5,0.7146404761904762,10004.966666666667
360,T6070,15000,M8,4197.0,0.7234642857142857,10128.5
360,T6070,15000,M8,4209.0,0.7123107142857144,9972.35
360,T6070,15000,M8,4270.0,0.670325,9384.55
360,T6070,15000,M8,4369.0,0.6144785714285714,8602.7
360,T6070,15000,M8,4493.5,0.5525154761904761,7735.216666666666
360,T6070,15000,M8,4539.0,0.4877416666666667,6828.383333333333
360,T6070,15000,M8,4473.5,0.42148452380952384,5900.783333333334
360,T6070,15000,M8,4369.5,0.35441666666666666,4961.833333333333
360,T6070,15000,M8,4322.0,0.30300238095238097,4242.033333333334
360,T6070,15000,M8,4317.5,0.28122380952380954,3937.133333333333
360,T6070,15000,M8,4339.0,0.27656309523809525,3871.883333333333
360,T6070,15000,M8,4406.0,0.2793738095238095,3911.233333333333
360,T6070,15000,M8,4523.0,0.285425,3995.95
360,T6070,15000,M8,4621.5,0.2929761904761905,4101.666666666667
360,T6070,15000,M8,4660.5,0.3012,4216.8
360,T6070,15000,M8,4662.0,0.3096011904761905,4334.416666666667
360,T6070,15000,M8,4658.0,0.31728809523809526,4442.033333333334
360,T6070,15000,M8,4638.0,0.321175,4496.45
360,T6070,15000,M8,4625.0,0.3194226190476191,4471.916666666667
360,T6070,15000,M8,4643.0,0.31711904761904763,4439.666666666667
360,T6070,15000,M8,4710.5,0.31763690476190476,4446.916666666667
360,T6070,15000,M8,4794.5,0.3200916666666667,4481.283333333334
360,T6070,15000,M8,4951.5,0.32330714285714285,4526.3
360,T6070,15000,M8,5152.5,0.3263988095238095,4569.583333333333
360,T6070,15000,M8,5304.5,0.32857142857142857,4600.0
360,T6070,15000,M8,5352.0,0.3295702380952381,4613.983333333334
360,T6070,15000,M8,5337.0,0.33008571428571426,4621.2
360,T6070,15000,M8,5308.0,0.33109523809523805,4635.333333333333
360,T6070,15000,M8,5321.5,0.33297261904761905,4661.616666666667
360,T6070,15000,M8,5362.0,0.3355476190476191,4697.666666666667
360,T6070,15000,M8,5403.0,0.3384190476190476,4737.866666666667
360,T6070,15000,M8,5454.5,0.3413845238095238,4779.383333333333
360,T6070,15000,M8,5516.5,0.34435238095238097,4820.933333333333
360,T6070,15000,M8,5567.0,0.3472047619047619,4860.866666666667
360,T6070,15000,M8,5577.0,0.34978452380952385,4896.983333333334
360,T6070,15000,M8,5574.5,0.35225,4931.5
359,T6070,15000,M8,5572.0,0.3548654761904762,4968.116666666667
359,T6070,15000,M8,5579.0,0.3577452380952381,5008.433333333333
359,T6070,15000,M8,5590.0,0.3607642857142857,5050.7
359,T6070,15000,M8,5629.0,0.3638869047619048,5094.416666666667
359,T6070,15000,M8,5676.0,0.3670702380952381,5138.983333333334
359,T6070,15000,M8,5713.5,0.3701833333333333,5182.566666666667
359,T6070,15000,M8,5746.5,0.3730964285714286,5223.35
359,T6070,15000,M8,5784.0,0.37586428571428576,5262.1
359,T6070,15000,M8,5798.5,0.37857380952380953,5300.033333333334
359,T6070,15000,M8,5785.0,0.381247619047619,5337.466666666666
359,T6070,15000,M8,5648.5,0.3836059523809524,5370.483333333334
359,T6070,15000,M8,4656.5,0.38365000000000005,5371.1
359,T6070,15000,M8,3224.5,0.38031547619047623,5324.416666666667
359,T6070,15000,M8,2114.5,0.37429523809523807,5240.133333333333
359,T6070,15000,M8,1595.5,0.36687857142857144,5136.3
359,T6070,15000,M8,1427.0,0.3588607142857143,5024.05
359,T6070,15000,M8,1376.0,0.3503476190476191,4904.866666666667
359,T6070,15000,M8,1345.0,0.34128214285714287,4777.95
359,T6070,15000,M8,1369.5,0.33191309523809526,4646.783333333334
359,T6070,15000,M8,1472.0,0.322675,4517.45
359,T6070,15000,M8,1620.0,0.313825,4393.55
359,T6070,15000,M8,1766.5,0.30539285714285713,4275.5
359,T6070,15000,M8,1888.0,0.29721785714285714,4161.05
359,T6070,15000,M8,1929.5,0.2890452380952381,4046.633333333333
359,T6070,15000,M8,1855.5,0.2805988095238095,3928.383333333333
359,T6070,15000,M8,1714.0,0.2716928571428571,3803.7
359,T6070,15000,M8,4638.0,0.26960119047619047,3774.4166666666665
359,T6070,15000,M8,13597.0,0.2887202380952381,4042.0833333333335
359,T6070,15000,M8,17798.5,0.3178190476190476,4449.466666666666
359,T6070,15000,M8,19710.0,0.351475,4920.65
359,T6070,15000,M8,20580.0,0.3872083333333334,5420.916666666667
359,T6070,15000,M8,20976.0,0.42386785714285713,5934.15
359,T6070,15000,M8,21156.0,0.46092976190476187,6453.016666666666
359,T6070,15000,M8,20730.5,0.49688571428571426,6956.4
359,T6070,15000,M8,12807.5,0.5138654761904762,7194.116666666667
359,T6070,15000,M8,6226.5,0.5150869047619048,7211.216666666666
359,T6070,15000,M8,3209.0,0.509045238095238,7126.633333333333
359,T6070,15000,M8,1984.0,0.499997619047619,6999.966666666666
359,T6070,15000,M8,1443.5,0.48962857142857147,6854.8
359,T6070,15000,M8,1156.0,0.47860714285714284,6700.5
359,T6070,15000,M8,1020.0,0.46758690476190473,6546.216666666666
359,T6070,15000,M8,910.0,0.45866666666666667,6421.333333333333
359,T6070,15000,M8,895.0,0.4531202380952381,6343.683333333333
359,T6070,15000,M8,856.5,0.450125,6301.75
359,T6070,15000,M8,1377.5,0.4496059523809524,6294.483333333334
359,T6070,15000,M8,2557.5,0.45229761904761906,6332.166666666667
221,T6070,15000,M8,3882.5,0.45826547619047614,6415.716666666666
221,T6070,15000,M8,5255.0,0.467575,6546.05
221,T6070,15000,M8,6153.0,0.47896428571428573,6705.5
221,T6070,15000,M8,6189.5,0.4901964285714286,6862.75
221,T6070,15000,M8,5716.0,0.49994880952380955,6999.283333333334
221,T6070,15000,M8,5224.0,0.5081809523809524,7114.533333333334
221,T6060,18000,M8,4805.5,0.515127380952381,7211.783333333334
221,T6060,18000,M8,4538.5,0.5213392857142857,7298.75
221,T6060,18000,M8,4302.0,0.5271642857142858,7380.3
221,T6060,18000,M8,4208.5,0.5331035714285715,7463.45
221,T6060,18000,M8,4102.0,0.5318273809523809,7445.583333333333
221,T6060,18000,M8,4131.0,0.5092892857142858,7130.05
221,T6060,18000,M8,4147.5,0.4767869047619047,6675.016666666666
221,T6060,18000,M8,4275.5,0.4400380952380953,6160.533333333334
221,T6060,18000,M8,4369.0,0.40144047619047624,5620.166666666667
221,T6060,18000,M8,4527.0,0.3622761904761905,5071.866666666667
221,T6060,18000,M8,4637.5,0.3229464285714286,4521.25
221,T6060,18000,M8,4752.0,0.28490238095238096,3988.633333333333
221,T6060,18000,M8,4791.5,0.26581666666666665,3721.4333333333334
221,T6060,18000,M8,4823.0,0.262475,3674.65
221,T6060,18000,M8,4789.0,0.26623690476190476,3727.3166666666666
221,T6060,18000,M8,4767.0,0.27286309523809527,3820.0833333333335
221,T6060,18000,M8,4692.0,0.28059761904761904,3928.366666666667
221,T6060,18000,M8,4658.5,0.28893690476190476,4045.116666666667
221,T6060,18000,M8,4617.5,0.29750238095238096,4165.033333333334
221,T6060,18000,M8,4594.0,0.3062738095238095,4287.833333333333
221,T6060,18000,M8,4574.5,0.31503452380952385,4410.483333333334
221,T6060,18000,M8,4580.5,0.3239011904761905,4534.616666666667
221,T6060,18000,M8,4578.5,0.33152261904761904,4641.316666666667
221,T6060,18000,M8,4585.0,0.33635,4708.9
221,T6060,18000,M8,4607.5,0.3380761904761905,4733.066666666667
221,T6060,18000,M8,4644.0,0.33662142857142857,4712.7
221,T6060,18000,M8,4678.0,0.33310952380952386,4663.533333333334
221,T6060,18000,M8,4720.5,0.3296119047619048,4614.566666666667
221,T6060,18000,M8,4741.0,0.3272904761904762,4582.066666666667
221,T6060,18000,M8,4789.5,0.32625595238095234,4567.583333333333
221,T6060,18000,M8,4771.5,0.326175,4566.45
221,T6060,18000,M8,4774.0,0.3267357142857143,4574.3
221,T6060,18000,M8,4758.0,0.3278214285714286,4589.5
221,T6060,18000,M8,4809.0,0.32925119047619045,4609.516666666666
221,T6060,18000,M8,4781.0,0.3308678571428571,4632.15
221,T6060,18000,M8,4806.5,0.3324761904761905,4654.666666666667
221,T6060,18000,M8,4787.5,0.334,4676.0
221,T6060,18000,M8,4841.5,0.33534761904761906,4694.866666666667
221,T6060,18000,M8,4811.0,0.33640000000000003,4709.6
221,T6060,18000,M8,4830.5,0.33712261904761903,4719.716666666666
259,T6060,18000,M8,4822.5,0.33756309523809525,4725.883333333333
259,T6060,18000,M8,4857.5,0.3378142857142857,4729.4
259,T6060,18000,M8,4872.5,0.3380071428571429,4732.1
259,T6060,18000,M8,4886.5,0.3381583333333333,4734.216666666666
259,T6060,18000,M8,4918.0,0.3384654761904762,4738.516666666666
259,T6060,18000,M8,4931.5,0.33885714285714286,4744.0
259,T6060,18000,M8,4972.0,0.3395238095238095,4753.333333333333
259,T6060,18000,M8,4964.0,0.34025119047619046,4763.516666666666
259,T6060,18000,M8,5000.0,0.3411619047619047,4776.266666666666
259,T6060,18000,M8,4979.0,0.34207857142857145,4789.1
259,T6060,18000,M8,5019.5,0.34313809523809524,4803.933333333333
259,T6060,18000,M8,5025.0,0.34419642857142857,4818.75
259,T6060,18000,M8,5060.5,0.34534404761904763,4834.816666666667
259,T6060,18000,M8,5075.0,0.3465107142857143,4851.15
259,T6060,18000,M8,5067.5,0.3476059523809524,4866.483333333334
259,T6060,18000,M8,5114.0,0.34872499999999995,4882.15
259,T6060,18000,M8,5098.0,0.34972499999999995,4896.15
259,T6060,18000,M8,5134.5,0.35071071428571426,4909.95
259,T6060,18000,M8,5158.5,0.3517047619047619,4923.866666666667
259,T6060,18000,M8,5189.0,0.3526559523809524,4937.183333333333
259,T6060,18000,M8,5231.0,0.35375,4952.5
259,T6060,18000,M8,5239.0,0.35485714285714287,4968.0
259,T6060,18000,M8,5294.0,0.35613333333333336,4985.866666666667
259,T6060,18000,M8,5263.5,0.35721547619047617,5001.016666666666
259,T6060,18000,M8,5305.5,0.35846428571428574,5018.5
259,T6060,18000,M8,5361.0,0.3597845238095238,5036.983333333334
259,T6060,18000,M8,5387.0,0.36121190476190473,5056.966666666666
259,T6060,18000,M8,5422.0,0.3625940476190476,5076.316666666667
259,T6060,18000,M8,5432.5,0.3640738095238096,5097.033333333334
259,T6060,18000,M8,5459.0,0.3655702380952381,5117.983333333334
259,T6060,18000,M8,5491.5,0.36716309523809526,5140.283333333334
259,T6060,18000,M8,5487.5,0.36866309523809526,5161.283333333334
259,T6060,18000,M8,5531.5,0.37023214285714284,5183.25
259,T6060,18000,M8,5558.5,0.37183214285714283,5205.65
259,T6060,18000,M8,5588.0,0.373427380952381,5227.983333333334
259,T6060,18000,M8,5650.5,0.3751392857142857,5251.95
259,T6060,18000,M8,5653.0,0.3767607142857143,5274.65
259,T6060,18000,M8,5655.0,0.37840595238095237,5297.683333333333
259,T6060,18000,M8,5690.0,0.38004880952380954,5320.683333333333
259,T6060,18000,M8,5677.5,0.38171190476190475,5343.966666666666
259,T6060,18000,M8,5694.5,0.3833190476190476,5366.466666666666
259,T6060,18000,M8,5739.5,0.3850202380952381,5390.283333333334
259,T6060,18000,M8,6068.5,0.38742023809523807,5423.883333333333
259,T6060,18000,M8,7269.5,0.3926452380952381,5497.033333333334
259,T6060,18000,M8,8199.5,0.40010238095238093,5601.433333333333
259,T6060,18000,M8,8558.5,0.40830357142857143,5716.25
323,T6060,18000,M8,8876.5,0.4173,5842.2
323,T6060,18000,M8,8728.5,0.4258571428571429,5962.0
323,T6060,18000,M8,5236.0,0.42604166666666665,5964.583333333333
323,T6060,18000,M8,2605.5,0.41989047619047615,5878.466666666666
323,T6060,18000,M8,1586.0,0.4112119047619047,5756.966666666666
323,T6060,18000,M8,1203.5,0.4016035714285714,5622.45
323,T6060,18000,M8,1073.5,0.3915547619047619,5481.766666666666
323,T6060,18000,M8,1015.5,0.3814404761904762,5340.166666666667
323,T6060,18000,M1,967.5,0.37111190476190475,5195.566666666667
323,T6060,18000,M1,1200.5,0.3612059523809524,5056.883333333333
323,T6060,18000,M1,10059.5,0.3723309523809524,5212.633333333333
323,T6060,18000,M1,14964.0,0.39505,5530.7
323,T6060,18000,M1,9141.5,0.40388095238095234,5654.333333333333
323,T6060,18000,M1,4769.0,0.40223809523809523,5631.333333333333
323,T6060,18000,M1,2790.5,0.39580714285714286,5541.3
323,T6060,18000,M1,1810.0,0.38705119047619047,5418.716666666666
323,T6060,18000,M1,1281.5,0.3769321428571429,5277.05
323,T6060,18000,M1,1058.0,0.3662166666666667,5127.033333333334
323,T6060,18000,M1,952.5,0.3551797619047619,4972.516666666666
323,T6060,18000,M1,928.0,0.3439357142857143,4815.1
323,T6060,18000,M1,990.5,0.33283452380952383,4659.683333333333
323,T6060,18000,M1,1047.5,0.3218642857142857,4506.1
323,T6060,18000,M1,1201.5,0.31117738095238096,4356.483333333334
323,T6060,18000,M1,1356.5,0.3008892857142857,4212.45
323,T6060,18000,M1,1498.5,0.29089880952380953,4072.5833333333335
323,T6060,18000,M1,1584.5,0.2810059523809524,3934.0833333333335
323,T6060,18000,M1,11798.0,0.29464761904761905,4125.066666666667
323,T6060,18000,M1,23225.5,0.33263809523809523,4656.933333333333
323,T6060,18000,M1,28425.5,0.3807952380952381,5331.133333333333
323,T6060,18000,M1,30702.5,0.4335190476190476,6069.266666666666
323,T6060,18000,M1,25158.5,0.4722857142857143,6612.0
323,T6060,18000,M1,13353.0,0.48329642857142857,6766.15
323,T6060,18000,M1,6239.5,0.48568571428571433,6799.6
323,T6060,18000,M1,3049.0,0.4867416666666667,6814.383333333333
323,T6060,18000,M1,1901.0,0.48749166666666666,6824.883333333333
323,T6060,18000,M1,1498.0,0.48819285714285715,6834.7
323,T6060,18000,M1,1331.0,0.4888059523809524,6843.283333333334
323,T6060,18000,M1,1310.5,0.4895083333333333,6853.116666666667
323,T6060,18000,M1,1395.5,0.49052738095238096,6867.383333333333
323,T6060,18000,M1,1619.0,0.49152380952380953,6881.333333333333
323,T6060,18000,M1,2660.0,0.4739059523809524,6634.683333333333
323,T6060,18000,M1,4319.0,0.4485607142857143,6279.85
323,T6060,18000,M1,5133.5,0.4390178571428571,6146.25
323,T6060,18000,M1,4711.5,0.43888095238095237,6144.333333333333
323,T6060,18000,M1,3885.0,0.4414869047619048,6180.816666666667
323,T6060,18000,M1,3551.0,0.44563214285714287,6238.85
240,T6060,18000,M1,3601.0,0.45115476190476195,6316.166666666667
240,T6060,18000,M1,3808.0,0.4577023809523809,6407.833333333333
240,T6060,18000,M1,3935.0,0.4648035714285714,6507.25
240,T6060,18000,M1,3954.5,0.4720095238095238,6608.133333333333
240,T6060,18000,M1,3871.0,0.4788678571428571,6704.15
240,T6060,18000,M1,3785.0,0.48538571428571425,6795.4
240,T1212,21000,M1,3700.0,0.4913345238095238,6878.683333333333
240,T1212,21000,M1,3555.5,0.4965702380952381,6951.983333333334
240,T1212,21000,M8,2773.0,0.4996047619047619,6994.466666666666
240,T1212,21000,M8,2033.0,0.5006726190476191,7009.416666666667
240,T1212,21000,M8,1655.5,0.4765238095238095,6671.333333333333
240,T1212,21000,M8,1558.0,0.4249345238095238,5949.083333333333
240,T1212,21000,M8,1594.0,0.36105,5054.7
240,T1212,21000,M8,1691.5,0.29197619047619044,4087.6666666666665
240,T1212,21000,M8,1824.0,0.23641785714285712,3309.85
240,T1212,21000,M8,2049.0,0.20950357142857143,2933.05
240,T1212,21000,M8,2316.5,0.20016309523809522,2802.2833333333333
240,T1212,21000,M8,2594.5,0.19908095238095236,2787.133333333333
240,T1212,21000,M8,2878.5,0.20140833333333333,2819.7166666666667
240,T1212,21000,M8,3063.5,0.20513571428571428,2871.9
240,T1212,21000,M8,3163.5,0.2094988095238095,2932.983333333333
240,T1212,21000,M8,3234.0,0.21407857142857142,2997.1
240,T1212,21000,M8,3243.0,0.21847738095238095,3058.6833333333334
240,T1212,21000,M8,3307.0,0.22249642857142857,3114.95
240,T1212,21000,M8,3817.0,0.2252511904761905,3153.516666666667
240,T1212,21000,M8,4507.0,0.22569880952380952,3159.7833333333333
240,T1212,21000,M8,4895.5,0.22513214285714286,3151.85
240,T1212,21000,M8,4819.5,0.2253892857142857,3155.45
240,T1212,21000,M8,4560.0,0.22699642857142857,3177.95
240,T1212,21000,M8,4343.5,0.22888333333333336,3204.366666666667
240,T1212,21000,M8,4261.5,0.23045595238095237,3226.383333333333
240,T1212,21000,M8,4232.0,0.2314654761904762,3240.516666666667
240,T1212,21000,M8,4020.0,0.23166785714285715,3243.35
240,T1212,21000,M8,3821.5,0.23135119047619046,3238.9166666666665
240,T1212,21000,M8,3685.5,0.2309095238095238,3232.733333333333
240,T1212,21000,M8,3623.5,0.23052499999999998,3227.35
240,T1212,21000,M8,3538.5,0.2301404761904762,3221.9666666666667
240,T1212,21000,M8,3488.5,0.22998095238095237,3219.733333333333
240,T1212,21000,M8,3365.0,0.2313904761904762,3239.4666666666667
240,T1212,21000,M8,3269.5,0.23433452380952383,3280.6833333333334
240,T1212,21000,M8,3267.5,0.23817261904761905,3334.4166666666665
240,T1212,21000,M8,3223.0,0.24213690476190475,3389.9166666666665
240,T1212,21000,M8,3232.0,0.2460369047619048,3444.516666666667
240,T1212,21000,M8,3287.0,0.24983571428571427,3497.7
240,T1212,21000,M8,3338.5,0.2534416666666667,3548.1833333333334
240,T1212,21000,M8,3382.0,0.2566154761904762,3592.616666666667
226,T1212,21000,M8,3406.0,0.25920952380952383,3628.9333333333334
226,T1212,21000,M8,3480.0,0.26131785714285716,3658.45
226,T1212,21000,M8,3436.0,0.2626452380952381,3677.0333333333333
226,T1212,21000,M8,3383.5,0.26340714285714284,3687.7
226,T1212,21000,M8,3395.0,0.2639583333333333,3695.4166666666665
226,T1212,21000,M8,3351.5,0.26423809523809527,3699.3333333333335
226,T1212,21000,M8,3331.5,0.2644488095238095,3702.2833333333333
226,T1212,21000,M8,3330.0,0.26450357142857145,3703.05
226,T1212,21000,M8,3346.0,0.26338214285714284,3687.35
226,T1212,21000,M8,3361.5,0.2606547619047619,3649.1666666666665
226,T1212,21000,M8,3397.5,0.2570880952380952,3599.233333333333
226,T1212,21000,M8,3414.0,0.25374166666666664,3552.383333333333
226,T1212,21000,M8,3402.0,0.2509845238095238,3513.7833333333333
226,T1212,21000,M8,3409.0,0.2487595238095238,3482.633333333333
226,T1212,21000,M8,3419.0,0.24675357142857143,3454.55
226,T1212,21000,M8,3357.0,0.24467023809523808,3425.383333333333
226,T1212,21000,M8,3352.5,0.24308095238095237,3403.133333333333
226,T1212,21000,M8,3368.5,0.24200238095238094,3388.0333333333333
226,T1212,21000,M8,3360.5,0.2412285714285714,3377.2
226,T1212,21000,M8,3360.5,0.24060238095238096,3368.4333333333334
226,T1212,21000,M8,3361.0,0.24017976190476192,3362.516666666667
226,T1212,21000,M8,3381.5,0.239925,3358.95
226,T1212,21000,M8,3385.0,0.23997261904761905,3359.616666666667
226,T1212,21000,M8,3391.5,0.24026309523809525,3363.6833333333334
226,T1212,21000,M8,3384.0,0.2405404761904762,3367.5666666666666
226,T1212,21000,M8,3374.5,0.2409011904761905,3372.616666666667
226,T1212,21000,M8,3372.5,0.2412357142857143,3377.3
226,T1212,21000,M8,3380.5,0.24145833333333333,3380.4166666666665
226,T1212,21000,M8,3333.0,0.24144523809523807,3380.233333333333
226,T1212,21000,M8,3326.0,0.24131190476190478,3378.366666666667
226,T1212,21000,M8,3342.5,0.24116071428571428,3376.25
226,T1212,21000,M8,3340.0,0.24082738095238096,3371.5833333333335
226,T1212,21000,M8,3339.0,0.24059642857142857,3368.35
226,T1212,21000,M8,3332.0,0.2404738095238095,3366.633333333333
226,T1212,21000,M8,3297.5,0.24024166666666666,3363.383333333333
226,T1212,21000,M8,3290.0,0.2400952380952381,3361.3333333333335
226,T1212,21000,M8,3254.5,0.23991190476190477,3358.766666666667
226,T1212,21000,M8,3204.0,0.23961190476190475,3354.5666666666666
226,T1212,21000,M8,3267.0,0.23942380952380954,3351.9333333333334
226,T1212,21000,M8,3304.5,0.23928809523809524,3350.0333333333333
226,T1212,21000,M8,3354.0,0.23918452380952382,3348.5833333333335
226,T1212,21000,M8,3451.5,0.23927380952380953,3349.8333333333335
226,T1212,21000,M8,3547.0,0.23961904761904762,3354.6666666666665
226,T1212,21000,M8,3572.0,0.24000714285714286,3360.1
226,T1212,21000,M8,3511.0,0.24022619047619045,3363.1666666666665
226,T1212,21000,M8,3450.5,0.2404488095238095,3366.2833333333333
219,T1212,21000,M8,3404.5,0.24057261904761906,3368.016666666667
219,T1212,21000,M8,3332.5,0.24048690476190476,3366.8166666666666
219,T1212,21000,M8,3289.5,0.24031785714285714,3364.45
219,T1212,21000,M8,3259.5,0.24007738095238096,3361.0833333333335
219,T1212,21000,M8,3206.0,0.23970833333333333,3355.9166666666665
219,T1212,21000,M8,3302.5,0.2395202380952381,3353.2833333333333
219,T1212,21000,M8,3653.0,0.24015833333333333,3362.2166666666667
219,T1212,21000,M8,4251.0,0.24220476190476192,3390.866666666667
219,T1212,21000,M8,5159.5,0.24643214285714288,3450.05
219,T1212,21000,M8,6309.5,0.25342023809523806,3547.883333333333
219,T1212,21000,M8,7126.5,0.26235833333333336,3673.016666666667
219,T1212,21000,M8,5817.5,0.2681607142857143,3754.25
219,T1212,21000,M8,3771.0,0.26920357142857143,3768.85
219,T1212,21000,M8,2491.0,0.2672154761904762,3741.016666666667
219,T1212,21000,M8,1855.0,0.26367380952380953,3691.4333333333334
219,T1212,21000,M8,1471.5,0.259225,3629.15
219,T1212,21000,M8,1139.5,0.25398809523809524,3555.8333333333335
219,T1212,21000,M8,888.0,0.24816904761904762,3474.366666666667
219,T1212,21000,M8,658.0,0.2418845238095238,3386.383333333333
219,T1212,21000,M8,440.0,0.23509880952380952,3291.383333333333
219,T1212,21000,M8,294.0,0.22804999999999997,3192.7
219,T1212,21000,M8,232.5,0.220975,3093.65
219,T1212,21000,M8,220.5,0.21372142857142856,2992.1
219,T1212,21000,M8,524.0,0.20710119047619047,2899.4166666666665
219,T1212,21000,M8,854.5,0.20115,2816.1
219,T1212,21000,M8,1036.5,0.1954,2735.6
219,T1212,21000,M8,1285.5,0.19001547619047618,2660.2166666666667
219,T1212,21000,M8,1598.5,0.18531666666666666,2594.4333333333334
219,T1212,21000,M8,1795.5,0.18123214285714287,2537.25
219,T1212,21000,M8,1777.0,0.17724761904761904,2481.4666666666667
219,T1212,21000,M8,1611.0,0.17297738095238097,2421.6833333333334
219,T1212,21000,M8,2778.0,0.17165714285714284,2403.2
219,T1212,21000,M8,11593.5,0.19142857142857142,2680.0
219,T1212,21000,M8,16887.0,0.223875,3134.25
219,T1212,21000,M8,19295.5,0.2621833333333333,3670.5666666666666
219,T1212,21000,M8,20391.5,0.30287142857142857,4240.2
219,T1212,21000,M8,20890.0,0.34391190476190475,4814.766666666666
219,T1212,21000,M8,17722.0,0.3759857142857143,5263.8
219,T1212,21000,M8,8815.5,0.3846904761904762,5385.666666666667
219,T1212,21000,M8,4409.0,0.3801654761904762,5322.316666666667
219,T1212,21000,M8,2352.0,0.3687976190476191,5163.166666666667
219,T1212,21000,M8,1585.0,0.35872023809523806,5022.083333333333
219,T1212,21000,M8,10206.5,0.3740428571428572,5236.6
219,T1212,21000,M8,16255.5,0.4068154761904762,5695.416666666667
219,T1212,21000,M8,19008.5,0.44765714285714286,6267.2
219,T1212,21000,M8,20260.5,0.49239285714285713,6893.5
33941,T1212,21000,M8,20830.5,0.5392761904761905,7549.866666666667
33941,T1212,21000,M8,14570.0,0.571852380952381,8005.933333333333
33941,T1212,21000,M8,7117.5,0.5872321428571429,8221.25
33941,T1212,21000,M8,3485.5,0.5944833333333334,8322.766666666666
33941,T1212,21000,M8,1704.5,0.5978416666666666,8369.783333333333
33941,T1212,21000,M8,818.5,0.5992369047619048,8389.316666666668
33941,T0000,0,M8,403.5,0.599672619047619,8395.416666666666
33941,T0000,0,M8,228.0,0.598967857142857,8385.55
33941,T0000,0,M9,174.0,0.597347619047619,8362.866666666667
33941,T0000,0,M9,155.0,0.5952488095238095,8333.483333333334
33941,T0000,0,M9,155.0,0.5925571428571428,8295.8
33941,T0000,0,M9,168.0,0.5891511904761905,8248.116666666667
33941,T0000,0,M9,164.0,0.5852666666666667,8193.733333333334
33941,T0000,0,M9,167.5,0.5814345238095238,8140.083333333333
33941,T0000,0,M9,183.5,0.5780357142857143,8092.5
33941,T0000,0,M9,197.5,0.5718916666666667,8006.483333333334
33941,T0000,0,M9,199.0,0.5447619047619048,7626.666666666667
33941,T0000,0,M9,205.0,0.5050428571428571,7070.6
33941,T0000,0,M9,205.0,0.4595892857142857,6434.25
33941,T0000,0,M9,202.5,0.41152023809523813,5761.283333333334
33941,T0000,0,M9,211.5,0.36228571428571427,5072.0
33941,T0000,0,M9,207.0,0.32058333333333333,4488.166666666667
33941,T0000,0,M9,215.5,0.30010714285714285,4201.5
33941,T0000,0,M9,236.0,0.2901714285714286,4062.4
33941,T0000,0,M9,239.5,0.2851416666666666,3991.983333333333
33941,T0000,0,M9,238.5,0.2819357142857143,3947.1
33941,T0000,0,M9,247.0,0.25822261904761906,3615.116666666667
33941,T0000,0,M9,251.0,0.22011666666666665,3081.633333333333
33941,T0000,0,M9,239.0,0.17542738095238095,2455.983333333333
33941,T0000,0,M9,245.5,0.12777261904761905,1788.8166666666666
33941,T0000,0,M9,251.0,0.07877380952380952,1102.8333333333333
33941,T0000,0,M9,263.0,0.0447095238095238,625.9333333333333
33941,T0000,0,M9,273.5,0.028414285714285715,397.8
33941,T0000,0,M9,268.5,0.020754761904761904,290.56666666666666
33941,T0000,0,M9,266.0,0.017329761904761907,242.61666666666667
33941,T0000,0,M9,271.0,0.016026190476190475,224.36666666666667
33941,T0000,0,M9,269.0,0.01570595238095238,219.88333333333333
33941,T0000,0,M9,258.5,0.01577857142857143,220.9
33941,T0000,0,M9,273.0,0.016014285714285714,224.2
33941,T0000,0,M9,287.0,0.01632857142857143,228.6
33941,T0000,0,M9,288.0,0.016645238095238095,233.03333333333333
33941,T0000,0,M9,294.5,0.01694642857142857,237.25
33941,T0000,0,M9,292.5,0.017252380952380953,241.53333333333333
33941,T0000,0,M9,291.0,0.01754642857142857,245.65
33941,T0000,0,M9,287.0,0.01779285714285714,249.1
33941,T0000,0,M9,283.5,0.017997619047619047,251.96666666666667
0,T0000,0,M9,283.5,0.018198809523809523,254.78333333333333
0,T0000,0,M9,305.0,0.018436904761904762,258.1166666666667
0,T0000,0,M9,310.0,0.018686904761904762,261.6166666666667
0,T0000,0,M9,296.0,0.01890952380952381,264.73333333333335
0,T0000,0,M9,8846.5,0.039469047619047626,552.5666666666667
0,T0000,0,M9,7728.5,0.05737738095238095,803.2833333333333
0,T0000,0,M9,3593.0,0.06541904761904761,915.8666666666667
0,T0000,0,M9,0.0,0.06485714285714286,908.0
0,T0000,0,M14,0.0,0.06428690476190477,900.0166666666667
0,T0000,0,M14,0.0,0.06371904761904762,892.0666666666667
0,T0000,0,M14,0.0,0.06313095238095238,883.8333333333334
0,T0000,0,M14,0.0,0.06253333333333333,875.4666666666667
0,T0000,0,M14,0.0,0.061964285714285715,867.5
0,T0000,0,M14,0.0,0.06137976190476191,859.3166666666667
0,T0000,0,M14,0.0,0.06078214285714286,850.95
0,T0000,0,M14,0.0,0.06015595238095238,842.1833333333333
0,T0000,0,M14,0.0,0.05950476190476191,833.0666666666667
0,T0000,0,M14,0.0,0.05886547619047619,824.1166666666667
0,T0000,0,M14,0.0,0.05823214285714286,815.25
0,T0000,0,M14,0.0,0.05758690476190476,806.2166666666667
0,T0000,0,M14,0.0,0.05694642857142857,797.25
0,T0000,0,M14,0.0,0.05633095238095238,788.6333333333333
0,T0000,0,M14,0.0,0.05568095238095238,779.5333333333333
0,T0000,0,M14,0.0,0.05499761904761905,769.9666666666667
0,T0000,0,M14,13473.0,0.0863904761904762,1209.4666666666667
0,T0000,0,M14,23987.5,0.14280238095238096,1999.2333333333333
0,T0000,0,M14,25838.5,0.2036261904761905,2850.766666666667
0,T0000,0,M14,13739.5,0.2356464285714286,3299.05
0,T0000,0,M14,6627.5,0.25074285714285716,3510.4
0,T0000,0,M14,3343.5,0.25802857142857144,3612.4
0,T0000,0,M14,1796.0,0.2616297619047619,3662.8166666666666
0,T0000,0,M14,1062.5,0.26343333333333335,3688.0666666666666
0,T0000,0,M14,701.0,0.2643642857142857,3701.1
0,T0000,0,M14,516.0,0.26488809523809526,3708.4333333333334
0,T0000,0,M14,414.0,0.24481071428571427,3427.35
0,T0000,0,M14,353.5,0.2272511904761905,3181.516666666667
0,T0000,0,M14,326.5,0.21947380952380952,3072.633333333333
0,T0000,0,M14,304.0,0.22019761904761906,3082.766666666667
0,T0000,0,M14,292.5,0.22089404761904763,3092.516666666667
0,T0000,0,M14,5885.0,0.23490595238095238,3288.6833333333334
0,T0000,0,M14,14289.5,0.2689285714285714,3765.0
0,T0000,0,M14,15806.0,0.30656190476190476,4291.866666666667
0,T0000,0,M14,8048.5,0.325725,4560.15
0,T0000,0,M14,3785.5,0.3347380952380952,4686.333333333333
0,T0000,0,M14,1846.0,0.33913333333333334,4747.866666666667
0,T0000,0,M14,966.5,0.34143452380952377,4780.083333333333
0,T0000,0,M14,1534.5,0.34508809523809525,4831.233333333334
0,T0000,0,M14,2761.0,0.35166190476190473,4923.266666666666
0,T0000,0,M14,1863.5,0.3560988095238095,4985.383333333333
0,T0000,0,M14,929.5,0.3583119047619048,5016.366666666667
0,T0000,0,M14,503.0,0.3595095238095238,5033.133333333333
0,T0000,0,M14,337.5,0.36031309523809524,5044.383333333333
0,T0000,0,M14,266.5,0.360947619047619,5053.266666666666
0,T0000,0,M14,229.5,0.36149404761904763,5060.916666666667
0,T0000,0,M20,206.5,0.32990714285714284,4618.7
0,T0000,0,M20,192.5,0.27325238095238097,3825.5333333333333
0,T0000,0,M20,184.0,0.21217023809523808,2970.383333333333
0,T0000,0,M20,178.5,0.17988214285714285,2518.35
0,T0000,0,M20,173.5,0.16451547619047618,2303.2166666666667
0,T0000,0,M20,169.0,0.15695714285714285,2197.4
0,T0000,0,M20,166.5,0.15307738095238096,2143.0833333333335
0,T0000,0,M20,164.5,0.15093928571428572,2113.15
0,T0000,0,M20,160.5,0.14965238095238095,2095.133333333333
0,T0000,0,M20,159.0,0.14880238095238094,2083.233333333333
0,T0000,0,M20,159.0,0.14819523809523807,2074.733333333333
0,T0000,0,M20,158.0,0.14772976190476192,2068.2166666666667
0,T0000,0,M20,157.5,0.14732738095238096,2062.5833333333335
0,T0000,0,M20,157.0,0.14697738095238097,2057.6833333333334
0,T0000,0,M20,156.0,0.14665238095238095,2053.133333333333
0,T0000,0,M20,156.0,0.13301190476190478,1862.1666666666667
0,T0000,0,M20,156.0,0.09936071428571429,1391.05
0,T0000,0,M20,155.0,0.06209642857142857,869.35
0,T0000,0,M20,154.5,0.04330119047619048,606.2166666666667
0,T0000,0,M20,154.0,0.034654761904761903,485.1666666666667
0,T0000,0,M20,154.0,0.030626190476190474,428.76666666666665
0,T0000,0,M20,153.5,0.028690476190476193,401.6666666666667
0,T0000,0,M20,152.5,0.025400000000000002,355.6
0,T0000,0,M20,152.0,0.019188095238095237,268.6333333333333
0,T0000,0,M20,152.0,0.015113095238095238,211.58333333333334
0,T0000,0,M20,152.0,0.013261904761904761,0.0
